{
  "args": {
    "src": "artifacts/endtoend_extensions/c1/summary.json",
    "n_boot": 10000,
    "n_perm": 10000,
    "alpha": 0.05
  },
  "inference_note": "Headline inference clusters by zone (16 clusters); the 3 seeds per zone are averaged because they share one synthetic diurnal phase and are not independent. Per-zone p-values use exact sign-flip enumeration (floor 0.25 at n=3) and are reported for completeness only.",
  "rows": [
    {
      "zone": "AE",
      "n_seeds": 3,
      "carbon_mean_pct": -9.272213214005273,
      "carbon_ci": [
        -11.163736640671447,
        -6.893867191521033
      ],
      "energy_mean_pct": -8.358223832870854,
      "energy_ci": [
        -10.171472890463255,
        -6.175058473165917
      ],
      "top1_mean_pp": 0.10666666666666913,
      "top1_ci": [
        0.060000000000002274,
        0.1700000000000017
      ],
      "jct_mean_pct": 0.0,
      "throttle_mean_hours": 8,
      "p_value": 0.25,
      "holm_rejected": false,
      "holm_alpha": 0.003125
    },
    {
      "zone": "AU",
      "n_seeds": 3,
      "carbon_mean_pct": -11.467039251450815,
      "carbon_ci": [
        -12.48823087783435,
        -9.798150856127396
      ],
      "energy_mean_pct": -9.687749881961956,
      "energy_ci": [
        -10.564952272614146,
        -8.28128367076302
      ],
      "top1_mean_pp": -0.023333333333335798,
      "top1_ci": [
        -0.20000000000000284,
        0.1799999999999926
      ],
      "jct_mean_pct": 0.0,
      "throttle_mean_hours": 9.333333333333334,
      "p_value": 0.25,
      "holm_rejected": false,
      "holm_alpha": 0.0033333333333333335
    },
    {
      "zone": "BR",
      "n_seeds": 3,
      "carbon_mean_pct": -15.578310606312199,
      "carbon_ci": [
        -16.111237466133055,
        -14.707971545439772
      ],
      "energy_mean_pct": -13.066209240357502,
      "energy_ci": [
        -13.785811972112898,
        -12.501856060717753
      ],
      "top1_mean_pp": -0.25,
      "top1_ci": [
        -0.3299999999999983,
        -0.15000000000000568
      ],
      "jct_mean_pct": 0.0,
      "throttle_mean_hours": 12.666666666666666,
      "p_value": 0.25,
      "holm_rejected": false,
      "holm_alpha": 0.0035714285714285718
    },
    {
      "zone": "CN",
      "n_seeds": 3,
      "carbon_mean_pct": -8.752380765834776,
      "carbon_ci": [
        -9.751003707663989,
        -6.788712117932759
      ],
      "energy_mean_pct": -7.895687872032418,
      "energy_ci": [
        -8.838968891045917,
        -6.13031451801547
      ],
      "top1_mean_pp": 0.006666666666660603,
      "top1_ci": [
        -0.0799999999999983,
        0.05999999999998806
      ],
      "jct_mean_pct": 0.0,
      "throttle_mean_hours": 7.666666666666667,
      "p_value": 0.25,
      "holm_rejected": false,
      "holm_alpha": 0.0038461538461538464
    },
    {
      "zone": "DE",
      "n_seeds": 3,
      "carbon_mean_pct": -16.223263986750673,
      "carbon_ci": [
        -17.31698091297146,
        -15.481857059752809
      ],
      "energy_mean_pct": -12.600280724754255,
      "energy_ci": [
        -13.496409612926234,
        -12.057702179451562
      ],
      "top1_mean_pp": 0.3900000000000053,
      "top1_ci": [
        -0.06999999999999318,
        0.8500000000000085
      ],
      "jct_mean_pct": 0.0,
      "throttle_mean_hours": 12.333333333333334,
      "p_value": 0.25,
      "holm_rejected": false,
      "holm_alpha": 0.004166666666666667
    },
    {
      "zone": "FR",
      "n_seeds": 3,
      "carbon_mean_pct": -11.64210872853769,
      "carbon_ci": [
        -13.338428858648799,
        -9.423093323900048
      ],
      "energy_mean_pct": -9.77459186103187,
      "energy_ci": [
        -11.38713702335164,
        -7.899763279653694
      ],
      "top1_mean_pp": 0.28666666666666646,
      "top1_ci": [
        0.0799999999999983,
        0.6200000000000045
      ],
      "jct_mean_pct": 0.0,
      "throttle_mean_hours": 9.333333333333334,
      "p_value": 0.25,
      "holm_rejected": false,
      "holm_alpha": 0.004545454545454546
    },
    {
      "zone": "GB",
      "n_seeds": 3,
      "carbon_mean_pct": -18.217642147870723,
      "carbon_ci": [
        -19.947469841214204,
        -17.046645353405452
      ],
      "energy_mean_pct": -13.051568972850896,
      "energy_ci": [
        -14.113097000752601,
        -12.283364536727182
      ],
      "top1_mean_pp": -0.013333333333340155,
      "top1_ci": [
        -0.15000000000000568,
        0.05999999999998806
      ],
      "jct_mean_pct": 0.0,
      "throttle_mean_hours": 13,
      "p_value": 0.25,
      "holm_rejected": false,
      "holm_alpha": 0.005
    },
    {
      "zone": "IN",
      "n_seeds": 3,
      "carbon_mean_pct": -8.398918655686014,
      "carbon_ci": [
        -9.551394465439849,
        -6.448748729566679
      ],
      "energy_mean_pct": -7.4328504304827305,
      "energy_ci": [
        -8.554070482025873,
        -5.675596386971569
      ],
      "top1_mean_pp": 0.07333333333333296,
      "top1_ci": [
        -0.23999999999999488,
        0.30999999999998806
      ],
      "jct_mean_pct": 0.0,
      "throttle_mean_hours": 7.666666666666667,
      "p_value": 0.25,
      "holm_rejected": false,
      "holm_alpha": 0.005555555555555556
    },
    {
      "zone": "JP",
      "n_seeds": 3,
      "carbon_mean_pct": -9.599001416446203,
      "carbon_ci": [
        -10.873497008292185,
        -7.8952781927633495
      ],
      "energy_mean_pct": -8.500644598525605,
      "energy_ci": [
        -9.683637554409865,
        -6.999072810583942
      ],
      "top1_mean_pp": 0.09000000000000341,
      "top1_ci": [
        0.030000000000001137,
        0.19000000000001194
      ],
      "jct_mean_pct": 0.0,
      "throttle_mean_hours": 8.666666666666666,
      "p_value": 0.25,
      "holm_rejected": false,
      "holm_alpha": 0.00625
    },
    {
      "zone": "KR",
      "n_seeds": 3,
      "carbon_mean_pct": -9.88397109122424,
      "carbon_ci": [
        -11.405786831621578,
        -7.655215391603002
      ],
      "energy_mean_pct": -8.714989585369132,
      "energy_ci": [
        -10.189399656291537,
        -6.690350601030357
      ],
      "top1_mean_pp": -0.1666666666666714,
      "top1_ci": [
        -0.4000000000000057,
        0.0
      ],
      "jct_mean_pct": 0.0,
      "throttle_mean_hours": 8.666666666666666,
      "p_value": 0.25,
      "holm_rejected": false,
      "holm_alpha": 0.0071428571428571435
    },
    {
      "zone": "NO",
      "n_seeds": 3,
      "carbon_mean_pct": -15.253529753171227,
      "carbon_ci": [
        -17.502053162552137,
        -10.93170783156108
      ],
      "energy_mean_pct": -12.508065022193506,
      "energy_ci": [
        -14.861904085824907,
        -8.693516266897424
      ],
      "top1_mean_pp": 0.19666666666666308,
      "top1_ci": [
        -0.04000000000000625,
        0.3999999999999915
      ],
      "jct_mean_pct": 0.0,
      "throttle_mean_hours": 12.666666666666666,
      "p_value": 0.25,
      "holm_rejected": false,
      "holm_alpha": 0.008333333333333333
    },
    {
      "zone": "PL",
      "n_seeds": 3,
      "carbon_mean_pct": -3.570423492168179,
      "carbon_ci": [
        -5.405740251787356,
        -0.9879770775378144
      ],
      "energy_mean_pct": -3.325471338698589,
      "energy_ci": [
        -5.0815355357252505,
        -0.899815233214902
      ],
      "top1_mean_pp": 0.16666666666666194,
      "top1_ci": [
        0.0799999999999983,
        0.2599999999999909
      ],
      "jct_mean_pct": 0.0,
      "throttle_mean_hours": 2.6666666666666665,
      "p_value": 0.25,
      "holm_rejected": false,
      "holm_alpha": 0.01
    },
    {
      "zone": "SG",
      "n_seeds": 3,
      "carbon_mean_pct": -6.512484723776895,
      "carbon_ci": [
        -8.536547724157682,
        -4.3928068172607455
      ],
      "energy_mean_pct": -6.047986209415502,
      "energy_ci": [
        -7.95965888153512,
        -4.0986426939704215
      ],