{
  "cutpoint_energy_gap": {
    "fast_cuts": [
      4,
      7,
      10
    ],
    "eco_cuts": [
      1,
      4,
      14
    ],
    "fast_energy_per_iter": 0.5828571428571429,
    "eco_energy_per_iter": 0.5828571428571429,
    "energy_ratio_eco_over_fast": 1.0,
    "fast_throughput": 1699.0291262135922,
    "eco_throughput": 849.5145631067961
  },
  "heterogeneous_cutpoint_energy_gap": {
    "stage_powers_w": [
      180.0,
      250.0,
      320.0,
      400.0
    ],
    "fast_cuts": [
      4,
      7,
      10
    ],
    "eco_cuts": [
      12,
      13,
      14
    ],
    "fast_energy_per_iter": 0.6703428571428571,
    "eco_energy_per_iter": 0.5589142857142857,
    "energy_ratio_eco_over_fast": 0.8337737618276362,
    "fast_throughput": 1699.0291262135922,
    "eco_throughput": 784.7533632286995
  },
  "headline": {
    "static_fast": {
      "policy": "static_fast",
      "carbon_g": 18.666666666666668,
      "energy_j": 168000.0,
      "makespan_h": 46.666666666666664,
      "switches": 0
    },
    "static_eco": {
      "policy": "static_eco",
      "carbon_g": 14.93333333333335,
      "energy_j": 134400.0,
      "makespan_h": 77.77777777777766,
      "switches": 0
    },
    "throttle": {
      "policy": "throttle",
      "carbon_g": 17.10194368797257,
      "energy_j": 158400.0,
      "makespan_h": 54.285714285714285,
      "switches": 0
    },
    "repartition": {
      "policy": "repartition",
      "carbon_g": 17.545501780275448,
      "energy_j": 162340.0,
      "makespan_h": 58.53835185185182,
      "switches": 14
    }
  },
  "breakeven_rows": [
    {
      "swing": 0.2,
      "state_gb": 1.0,
      "bw_gbps": 10.0,
      "carbon_throttle_g": 17.433981229324175,
      "carbon_repartition_g": 17.940399480184198,
      "delta_g": 0.5064182508600226,
      "repartition_wins": false,
      "repartition_makespan_h": 58.53990740740736,
      "throttle_makespan_h": 54.285714285714285,
      "switches": 14
    },
    {
      "swing": 0.2,
      "state_gb": 1.0,
      "bw_gbps": 100.0,
      "carbon_throttle_g": 17.433981229324175,
      "carbon_repartition_g": 17.820314817351218,
      "delta_g": 0.38633358802704265,
      "repartition_wins": false,
      "repartition_makespan_h": 58.53710740740736,
      "throttle_makespan_h": 54.285714285714285,
      "switches": 14
    },
    {
      "swing": 0.2,
      "state_gb": 1.0,
      "bw_gbps": 600.0,
      "carbon_throttle_g": 17.433981229324175,
      "carbon_repartition_g": 17.809195867088903,
      "delta_g": 0.37521463776472785,
      "repartition_wins": false,
      "repartition_makespan_h": 58.53684814814813,
      "throttle_makespan_h": 54.285714285714285,
      "switches": 14
    },
    {
      "swing": 0.2,
      "state_gb": 5.0,
      "bw_gbps": 10.0,
      "carbon_throttle_g": 17.433981229324175,
      "carbon_repartition_g": 18.474109092775244,
      "delta_g": 1.040127863451069,
      "repartition_wins": false,
      "repartition_makespan_h": 58.552351851851824,
      "throttle_makespan_h": 54.285714285714285,
      "switches": 14
    },
    {
      "swing": 0.2,
      "state_gb": 5.0,
      "bw_gbps": 100.0,
      "carbon_throttle_g": 17.433981229324175,
      "carbon_repartition_g": 17.87368577861032,
      "delta_g": 0.43970454928614444,
      "repartition_wins": false,
      "repartition_makespan_h": 58.53835185185182,
      "throttle_makespan_h": 54.285714285714285,
      "switches": 14
    },
    {
      "swing": 0.2,
      "state_gb": 5.0,
      "bw_gbps": 600.0,
      "carbon_throttle_g": 17.433981229324175,
      "carbon_repartition_g": 17.818091027298752,
      "delta_g": 0.38410979797457756,
      "repartition_wins": false,
      "repartition_makespan_h": 58.537055555555504,
      "throttle_makespan_h": 54.285714285714285,
      "switches": 14
    },
    {
      "swing": 0.2,
      "state_gb": 20.0,
      "bw_gbps": 10.0,
      "carbon_throttle_g": 17.433981229324175,
      "carbon_repartition_g": 20.475520139991648,
      "delta_g": 3.041538910667473,
      "repartition_wins": false,
      "repartition_makespan_h": 58.59901851851849,
      "throttle_makespan_h": 54.285714285714285,
      "switches": 14
    },
    {
      "swing": 0.2,
      "state_gb": 20.0,
      "bw_gbps": 100.0,
      "carbon_throttle_g": 17.433981229324175,
      "carbon_repartition_g": 18.07382688333196,
      "delta_g": 0.6398456540077859,
      "repartition_wins": false,
      "repartition_makespan_h": 58.54301851851847,
      "throttle_makespan_h": 54.285714285714285,
      "switches": 14
    },
    {
      "swing": 0.2,
      "state_gb": 20.0,
      "bw_gbps": 600.0,
      "carbon_throttle_g": 17.433981229324175,
      "carbon_repartition_g": 17.85144787808569,
      "delta_g": 0.41746664876151485,
      "repartition_wins": false,
      "repartition_makespan_h": 58.537833333333296,
      "throttle_makespan_h": 54.285714285714285,
      "switches": 14
    },
    {
      "swing": 0.4,
      "state_gb": 1.0,
      "bw_gbps": 10.0,
      "carbon_throttle_g": 17.231178204713668,
      "carbon_repartition_g": 17.719531066233277,
      "delta_g": 0.48835286151960844,
      "repartition_wins": false,
      "repartition_makespan_h": 58.910277777777736,
      "throttle_makespan_h": 54.52380952380952,
      "switches": 14
    },
    {
      "swing": 0.4,
      "state_gb": 1.0,
      "bw_gbps": 100.0,
      "carbon_throttle_g": 17.231178204713668,
      "carbon_repartition_g": 17.592961740567308,
      "delta_g": 0.36178353585363965,
      "repartition_wins": false,
      "repartition_makespan_h": 58.907477777777736,
      "throttle_makespan_h": 54.52380952380952,
      "switches": 14
    },
    {
      "swing": 0.4,
      "state_gb": 1.0,
      "bw_gbps": 600.0,
      "carbon_throttle_g": 17.231178204713668,
      "carbon_repartition_g": 17.581242358561195,
      "delta_g": 0.3500641538475264,
      "repartition_wins": false,
      "repartition_makespan_h": 58.907218518518505,
      "throttle_makespan_h": 54.52380952380952,
      "switches": 14
    },
    {
      "swing": 0.4,
      "state_gb": 5.0,
      "bw_gbps": 10.0,
      "carbon_throttle_g": 17.231178204713668,
      "carbon_repartition_g": 18.282061402526466,
      "delta_g": 1.050883197812798,
      "repartition_wins": false,
      "repartition_makespan_h": 58.9227222222222,
      "throttle_makespan_h": 54.52380952380952,
      "switches": 14
    },
    {
      "swing": 0.4,
      "state_gb": 5.0,
      "bw_gbps": 100.0,
      "carbon_throttle_g": 17.231178204713668,
      "carbon_repartition_g": 17.649214774196622,
      "delta_g": 0.418036569482954,
      "repartition_wins": false,
      "repartition_makespan_h": 58.908722222222195,
      "throttle_makespan_h": 54.52380952380952,
      "switches": 14
    },
    {
      "swing": 0.4,
      "state_gb": 5.0,
      "bw_gbps": 600.0,
      "carbon_throttle_g": 17.231178204713668,
      "carbon_repartition_g": 17.590617864166084,
      "delta_g": 0.3594396594524163,
      "repartition_wins": false,
      "repartition_makespan_h": 58.90742592592588,
      "throttle_makespan_h": 54.52380952380952,
      "switches": 14
    },
    {
      "swing": 0.4,
      "state_gb": 20.0,
      "bw_gbps": 10.0,
      "carbon_throttle_g": 17.231178204713668,
      "carbon_repartition_g": 20.391550163625936,
      "delta_g": 3.1603719589122683,
      "repartition_wins": false,
      "repartition_makespan_h": 58.96938888888886,
      "throttle_makespan_h": 54.52380952380952,
      "switches": 14
    },
    {
      "swing": 0.4,
      "state_gb": 20.0,
      "bw_gbps": 100.0,
      "carbon_throttle_g": 17.231178204713668,
      "carbon_repartition_g": 17.86016365030657,
      "delta_g": 0.6289854455929031,
      "repartition_wins": false,
      "repartition_makespan_h": 58.91338888888883,
      "throttle_makespan_h": 54.52380952380952,
      "switches": 14
    },
    {
      "swing": 0.4,
      "state_gb": 20.0,
      "bw_gbps": 600.0,
      "carbon_throttle_g": 17.231178204713668,