{
  "stress": "phase divergence between average (decision) and marginal (accounting) diurnal peaks",
  "trace_source": "real ElectricityMaps (16 zones, summer fortnight)",
  "n_real_zones": 16,
  "shift_hours_swept": [
    0,
    2,
    4,
    6,
    8,
    12
  ],
  "decision_trace": "average (unshifted)",
  "accounting_trace": "marginal proxy = average circularly shifted by d hours",
  "oracle_signal_pp_by_shift": {
    "0": {
      "mean": 1.5551649057811991,
      "ci_lo": 0.9812173492756552,
      "ci_hi": 2.1687541653065407,
      "excludes_zero": true
    },
    "2": {
      "mean": 1.2126872530417456,
      "ci_lo": 0.7365790652460783,
      "ci_hi": 1.7162623415386955,
      "excludes_zero": true
    },
    "4": {
      "mean": 0.654792424187077,
      "ci_lo": 0.2651473057008351,
      "ci_hi": 1.0446258681135772,
      "excludes_zero": true
    },
    "6": {
      "mean": 0.09175890669687145,
      "ci_lo": -0.22157373701619917,
      "ci_hi": 0.4036358329739255,
      "excludes_zero": false
    },
    "8": {
      "mean": -0.3473975672618034,
      "ci_lo": -0.7252187180388635,
      "ci_hi": 0.05403172119589586,
      "excludes_zero": false
    },
    "12": {
      "mean": -0.9042949604875213,
      "ci_lo": -1.5973689605866261,
      "ci_hi": -0.2811964131706396,
      "excludes_zero": true
    }
  },
  "deployable_signal_pp_by_shift": {
    "0": {
      "mean": 0.7530318136424827,
      "ci_lo": -0.02821821084503445,
      "ci_hi": 1.5796243905567193,
      "excludes_zero": false
    },
    "2": {
      "mean": 0.8312196801027792,
      "ci_lo": 0.013475902787169855,
      "ci_hi": 1.6859016828154807,
      "excludes_zero": true
    },
    "4": {
      "mean": 0.37790713043674595,
      "ci_lo": -0.35070046045423403,
      "ci_hi": 1.145768226540514,
      "excludes_zero": false
    },
    "6": {
      "mean": -0.2234250063656171,
      "ci_lo": -0.8550465757896425,
      "ci_hi": 0.429349849887668,
      "excludes_zero": false
    },
    "8": {
      "mean": -0.7281925928816779,
      "ci_lo": -1.2191893135261893,
      "ci_hi": -0.23934365563849502,
      "excludes_zero": true
    },
    "12": {
      "mean": -1.49497754641082,
      "ci_lo": -2.195978860152845,
      "ci_hi": -0.6989337778814032,
      "excludes_zero": true
    }
  },
  "oracle_break": {
    "ci_includes_zero_at_h": 6,
    "mean_non_positive_at_h": 8
  },
  "deployable_break": {
    "ci_includes_zero_at_h": 0,
    "mean_non_positive_at_h": 6
  },
  "identity_check_d0": {
    "oracle_pp": 1.5551649057811991,
    "deployable_pp": 0.7530318136424827,
    "note": "d=0 must reproduce the published average-trace signal (~+1.56 oracle, ~+0.75 deployable)"
  },
  "per_zone": {
    "DE": {
      "source": "real-csv",
      "by_shift_h": {
        "0": {
          "oracle_signal_pp": 3.6169123863447474,
          "deployable_signal_pp": 1.5060155123339674,
          "n_offsets": 25
        },
        "2": {
          "oracle_signal_pp": 2.877208538363193,
          "deployable_signal_pp": 1.8280834489330642,
          "n_offsets": 25
        },
        "4": {
          "oracle_signal_pp": 1.9029137272519074,
          "deployable_signal_pp": 0.9334530615249176,
          "n_offsets": 25
        },
        "6": {
          "oracle_signal_pp": 0.7621314620641846,
          "deployable_signal_pp": -0.3912008203065925,
          "n_offsets": 25
        },
        "8": {
          "oracle_signal_pp": -0.24151023825963086,
          "deployable_signal_pp": -1.5274273229762374,
          "n_offsets": 25
        },
        "12": {
          "oracle_signal_pp": -0.9468206623213224,
          "deployable_signal_pp": -3.1589917517158432,
          "n_offsets": 25
        }
      }
    },
    "US-CA": {
      "source": "real-csv",
      "by_shift_h": {
        "0": {
          "oracle_signal_pp": 4.133075398656755,
          "deployable_signal_pp": 3.777169662451975,
          "n_offsets": 25
        },
        "2": {
          "oracle_signal_pp": 3.2950876901738817,
          "deployable_signal_pp": 4.565538616255387,
          "n_offsets": 25
        },
        "4": {
          "oracle_signal_pp": 1.9287721265767137,
          "deployable_signal_pp": 4.109589365896455,
          "n_offsets": 25
        },
        "6": {
          "oracle_signal_pp": 0.1087077314016169,
          "deployable_signal_pp": 2.7443527717891305,
          "n_offsets": 25
        },
        "8": {
          "oracle_signal_pp": -1.7381681703425094,
          "deployable_signal_pp": 0.7322681407621058,
          "n_offsets": 25
        },
        "12": {
          "oracle_signal_pp": -4.47861554009294,
          "deployable_signal_pp": -3.8137958977304907,
          "n_offsets": 25
        }
      }
    },
    "FR": {
      "source": "real-csv",
      "by_shift_h": {
        "0": {
          "oracle_signal_pp": 2.4584777484524567,
          "deployable_signal_pp": 0.42163409533241114,
          "n_offsets": 25
        },
        "2": {
          "oracle_signal_pp": 1.516851158924166,
          "deployable_signal_pp": -0.19325638800994488,
          "n_offsets": 25
        },
        "4": {
          "oracle_signal_pp": 0.239416501947339,
          "deployable_signal_pp": -1.2947575604084909,
          "n_offsets": 25
        },
        "6": {
          "oracle_signal_pp": -0.20718634037379666,
          "deployable_signal_pp": -2.3784979789305782,
          "n_offsets": 25
        },
        "8": {
          "oracle_signal_pp": 0.3207191023842848,
          "deployable_signal_pp": -2.3556389397302313,
          "n_offsets": 25
        },
        "12": {
          "oracle_signal_pp": 0.49892391962872884,
          "deployable_signal_pp": -1.256761341333019,
          "n_offsets": 25
        }
      }
    },
    "PL": {
      "source": "real-csv",
      "by_shift_h": {
        "0": {
          "oracle_signal_pp": 2.21162022481739,
          "deployable_signal_pp": 0.8576182472566602,
          "n_offsets": 25
        },
        "2": {
          "oracle_signal_pp": 1.910963817762385,
          "deployable_signal_pp": 1.0515695740349107,
          "n_offsets": 25
        },
        "4": {
          "oracle_signal_pp": 1.1600033388575068,
          "deployable_signal_pp": 0.5435591911370851,
          "n_offsets": 25
        },
        "6": {
          "oracle_signal_pp": 0.10349321749121561,
          "deployable_signal_pp": -0.2081432137477108,
          "n_offsets": 25
        },
        "8": {
          "oracle_signal_pp": -0.8643214734397734,
          "deployable_signal_pp": -0.886819653145535,
          "n_offsets": 25
        },
        "12": {
          "oracle_signal_pp": -2.160408803020577,
          "deployable_signal_pp": -2.5407749389903875,
          "n_offsets": 25
        }
      }
    },
    "VN": {
      "source": "real-csv",
      "by_shift_h": {
        "0": {
          "oracle_signal_pp": 1.0046198144459226,
          "deployable_signal_pp": 1.9283541833971016,
          "n_offsets": 25
        },
        "2": {
          "oracle_signal_pp": 0.7126689438075877,
          "deployable_signal_pp": 2.131575023179559,
          "n_offsets": 25
        },
        "4": {
          "oracle_signal_pp": 0.17817960447018122,
          "deployable_signal_pp": 1.8155276319926084,
          "n_offsets": 25
        },
        "6": {
          "oracle_signal_pp": -0.4076551605600238,
          "deployable_signal_pp": 1.274249969064543,
          "n_offsets": 25
        },
        "8": {
          "oracle_signal_pp": -0.8611440312183943,
          "deployable_signal_pp": 0.6222268068882143,
          "n_offsets": 25
        },
        "12": {
          "oracle_signal_pp": -1.0488236460418243,
          "deployable_signal_pp": -0.2943502632096863,
          "n_offsets": 25
        }
      }
    },
    "JP": {
      "source": "real-csv",
      "by_shift_h": {
        "0": {
          "oracle_signal_pp": 1.3297629665394495,
          "deployable_signal_pp": -0.4286862807636028,