{
  "probe": "moe-expert-parallel",
  "world_size": 4,
  "d_model": 3584,
  "n_experts": 16,
  "tokens": 4096,
  "ffn_mult": 4,
  "capacity_factor": 1.25,
  "steps": 200,
  "seeds": 5,
  "min_active_frac": 0.7,
  "break_even_estar": 0.75,
  "hypothesis": "DEAD (~0.95-1.05)",
  "layouts": {
    "dense": {
      "feasible": true,
      "n_seeds": 5,
      "excluded_degenerate": 0,
      "cluster_energy_per_iter_j": 347.58684599998594,
      "cluster_energy_ci_lo": 346.61477818807583,
      "cluster_energy_ci_hi": 348.55891381189605,
      "mean_power_w": 1180.657997,
      "iters_per_s": 3.5569982425909585,
      "peak_mem_gb": 33.024707584,
      "active_frac": 1.0,
      "load_cv": 0.0722600795328617,
      "drop_frac": 0.0,
      "energy_source": "nvml-total-energy"
    },
    "expert_parallel": {
      "feasible": true,
      "n_seeds": 5,
      "excluded_degenerate": 0,
      "cluster_energy_per_iter_j": 119.91349700009823,
      "cluster_energy_ci_lo": 119.7039817855322,
      "cluster_energy_ci_hi": 120.12301221466426,
      "mean_power_w": 1365.6124120000002,
      "iters_per_s": 11.386910013506137,
      "peak_mem_gb": 8.053443072,
      "active_frac": 1.0,
      "load_cv": 0.05366937592625618,
      "drop_frac": 0.0,
      "energy_source": "nvml-total-energy"
    }
  },
  "E_eco": {
    "expert_parallel": {
      "ratio": 0.3449885931532147,
      "ci_lo": 0.34438582231485554,
      "ci_hi": 0.3455913639915738
    }
  },
  "verdict": {
    "expert_parallel": "ALIVE (<=0.75)"
  },
  "smoke": false
}