{
  "profile": "artifacts/hardware-pareto-3080ti.json",
  "eco_throttle_cap_w": 200.0,
  "quantiles": [
    0.5,
    0.6,
    0.7,
    0.8
  ],
  "job_hours": [
    12.0,
    24.0,
    48.0,
    96.0
  ],
  "dedicated_idle_w": 26.0,
  "n_real_zones": 16,
  "note": "season knob (winter vs summer) requires fetching another fortnight; not swept here",
  "cells": [
    {
      "q": 0.5,
      "job_hours": 12.0,
      "n_real_zones": 16,
      "eco_pct": [
        21.145432022522524,
        20.784837274537104,
        21.403069646081054
      ],
      "signal_pp": [
        1.299044047113705,
        0.6821412464092796,
        2.04218083130778
      ],
      "signal_pvalue": 0.0003662109375,
      "fair_gap_pp": [
        0.8913197085474157,
        -2.404496925688464,
        3.6519881552956615
      ],
      "fair_gap_pvalue": 0.594146728515625,
      "green_online_dedicated_pct": [
        -5.136407035894849,
        -7.663799360312354,
        -2.5372787939909727
      ],
      "green_offline_reallocated_pct": [
        9.408563859384776,
        6.090282182780486,
        13.218171971441397
      ],
      "corr_gap_vs_dirty_excess": -0.26991108172027545,
      "pause_wins_carbon_n": 5
    },
    {
      "q": 0.5,
      "job_hours": 24.0,
      "n_real_zones": 16,
      "eco_pct": [
        21.37086827748741,
        21.138008777867324,
        21.608222480674446
      ],
      "signal_pp": [
        1.7462577134122348,
        1.1844450202274326,
        2.3755463475428114
      ],
      "signal_pvalue": 6.103515625e-05,
      "fair_gap_pp": [
        0.7755316129277554,
        -2.7754959264500965,
        3.6909659686991927
      ],
      "fair_gap_pvalue": 0.66058349609375,
      "green_online_dedicated_pct": [
        -3.736071022893342,
        -6.610714767617355,
        -0.5545173626176253
      ],
      "green_offline_reallocated_pct": [
        10.045735271133221,
        6.57309729959028,
        13.929631979118975
      ],
      "corr_gap_vs_dirty_excess": -0.30893565174385224,
      "pause_wins_carbon_n": 6
    },
    {
      "q": 0.5,
      "job_hours": 48.0,
      "n_real_zones": 16,
      "eco_pct": [
        21.03222111117914,
        20.526809213383515,
        21.469744006635946
      ],
      "signal_pp": [
        2.2683049323451634,
        1.5425317499546223,
        3.0090226155116
      ],
      "signal_pvalue": 9.1552734375e-05,
      "fair_gap_pp": [
        0.12160297301252522,
        -3.2670573503049885,
        3.158992941346421
      ],
      "fair_gap_pvalue": 0.94384765625,
      "green_online_dedicated_pct": [
        -4.093673149754432,
        -8.422716957786697,
        -0.11735009525078041
      ],
      "green_offline_reallocated_pct": [
        10.939938334039358,
        7.413927383847217,
        14.719208196485395
      ],
      "corr_gap_vs_dirty_excess": -0.3705318573587954,
      "pause_wins_carbon_n": 6
    },
    {
      "q": 0.5,
      "job_hours": 96.0,
      "n_real_zones": 16,
      "eco_pct": [
        20.396868008546466,
        19.25234386498401,
        21.37191097652966
      ],
      "signal_pp": [
        2.2237912729397085,
        1.2394274365591134,
        3.32414674788823
      ],
      "signal_pvalue": 0.000396728515625,
      "fair_gap_pp": [
        0.21085770634528284,
        -2.8491956678734254,
        3.085345934836342
      ],
      "fair_gap_pvalue": 0.892242431640625,
      "green_online_dedicated_pct": [
        -5.905843446990419,
        -12.076517293329562,
        -0.31478915393110213
      ],
      "green_offline_reallocated_pct": [
        10.33535071070652,
        6.829958664396559,
        14.238978311932923
      ],
      "corr_gap_vs_dirty_excess": -0.3728994679669879,
      "pause_wins_carbon_n": 6
    },
    {
      "q": 0.6,
      "job_hours": 12.0,
      "n_real_zones": 16,
      "eco_pct": [
        21.145432022522524,
        20.7850840404669,
        21.403314144276177
      ],
      "signal_pp": [
        0.5880066424948768,
        0.08616961427286803,
        1.2145114900839076
      ],
      "signal_pvalue": 0.046630859375,
      "fair_gap_pp": [
        1.4544233562497895,
        -0.3147346890969974,
        3.090241054677742
      ],
      "fair_gap_pvalue": 0.13092041015625,
      "green_online_dedicated_pct": [
        -3.278399596989207,
        -5.18665020004423,
        -1.1734609502097113
      ],
      "green_offline_reallocated_pct": [
        6.762306875706531,
        4.566979248151475,
        9.104412758006758
      ],
      "corr_gap_vs_dirty_excess": -0.5395397325493062,
      "pause_wins_carbon_n": 6
    },
    {
      "q": 0.6,
      "job_hours": 24.0,
      "n_real_zones": 16,
      "eco_pct": [
        21.37086827748741,
        21.14063704907926,
        21.609142521083868
      ],
      "signal_pp": [
        1.5792018932012541,
        1.062579252862738,
        2.202502813019557
      ],
      "signal_pvalue": 6.103515625e-05,
      "fair_gap_pp": [
        1.4797660021182788,
        -0.4728728963887496,
        3.3183526578852427
      ],
      "fair_gap_pvalue": 0.155029296875,
      "green_online_dedicated_pct": [
        -2.658524703744338,
        -4.733399955971755,
        -0.718668858835271
      ],
      "green_offline_reallocated_pct": [
        7.258645199375093,
        4.857627245889488,
        9.796718880400249
      ],
      "corr_gap_vs_dirty_excess": -0.5786197095558686,
      "pause_wins_carbon_n": 6
    },
    {
      "q": 0.6,
      "job_hours": 48.0,
      "n_real_zones": 16,
      "eco_pct": [
        21.03222111117914,
        20.532441918123283,
        21.457211967959967
      ],
      "signal_pp": [
        2.003698886486592,
        1.3423843429223576,
        2.722293772770002
      ],
      "signal_pvalue": 9.1552734375e-05,
      "fair_gap_pp": [
        0.7559164205123525,
        -1.494119260386713,
        2.880472213739555
      ],
      "fair_gap_pvalue": 0.505859375,
      "green_online_dedicated_pct": [
        -2.626824216097214,
        -5.704743062082996,
        0.15692194690921046
      ],
      "green_offline_reallocated_pct": [
        8.154462568478039,
        5.586343999043485,
        10.971031056957454
      ],
      "corr_gap_vs_dirty_excess": -0.5075550118640499,
      "pause_wins_carbon_n": 6
    },
    {
      "q": 0.6,
      "job_hours": 96.0,
      "n_real_zones": 16,
      "eco_pct": [
        20.396868008546466,
        19.262174324264926,
        21.36704055584941
      ],
      "signal_pp": [
        1.6468927432742404,
        0.5923433701348433,
        2.813999059480335
      ],
      "signal_pvalue": 0.006195068359375,
      "fair_gap_pp": [
        0.9477775578964591,
        -1.2276224563149563,
        2.8651912727860704
      ],
      "fair_gap_pvalue": 0.397735595703125,
      "green_online_dedicated_pct": [
        -4.233376473954575,
        -9.35125089635968,
        0.03561840924948617
      ],
      "green_offline_reallocated_pct": [
        7.235349408351503,
        4.481676221258809,
        10.634833140949466
      ],
      "corr_gap_vs_dirty_excess": -0.352186607765862,
      "pause_wins_carbon_n": 7
    },
    {
      "q": 0.7,
      "job_hours": 12.0,
      "n_real_zones": 16,
      "eco_pct": [
        21.145432022522524,
        20.788790201724797,
        21.40232010360255
      ],
      "signal_pp": [
        0.882223170461108,
        0.3817502923373812,
        1.4610337763811552
      ],
      "signal_pvalue": 0.0029296875,
      "fair_gap_pp": [
        1.2956138538031934,
        0.018140410432805842,
        2.4760032608942253
      ],
      "fair_gap_pvalue": 0.066162109375,
      "green_online_dedicated_pct": [
        -2.9388671231484795,
        -4.202890985776483,
        -1.522834004979172
      ],
      "green_offline_reallocated_pct": [
        4.87378836796616,
        3.273898939124976,
        6.672367680430327
      ],
      "corr_gap_vs_dirty_excess": -0.5433874553807928,