{
  "profile": "artifacts/hardware-pareto-3080ti.json",
  "eco_throttle_cap_w": 200.0,
  "quantiles": [
    0.5,
    0.6,
    0.7,
    0.8
  ],
  "job_hours": [
    12.0,
    24.0,
    48.0,
    96.0
  ],
  "dedicated_idle_w": 26.0,
  "n_real_zones": 16,
  "note": "season knob (winter vs summer) requires fetching another fortnight; not swept here",
  "cells": [
    {
      "q": 0.5,
      "job_hours": 12.0,
      "n_real_zones": 16,
      "eco_pct": [
        21.62971695786107,
        21.227307789029798,
        22.031148281357392
      ],
      "signal_pp": [
        1.1262866308434167,
        0.5610134996100455,
        1.7097435387934572
      ],
      "signal_pvalue": 0.001556396484375,
      "fair_gap_pp": [
        0.7357319058619215,
        -2.17923702797854,
        3.4207778397336077
      ],
      "fair_gap_pvalue": 0.61932373046875,
      "green_online_dedicated_pct": [
        -2.089889517134897,
        -3.824641785263718,
        -0.2724568155153696
      ],
      "green_offline_reallocated_pct": [
        9.88524879397579,
        6.6789167130083,
        13.517905199756706
      ],
      "corr_gap_vs_dirty_excess": -0.62840640945092,
      "pause_wins_carbon_n": 6
    },
    {
      "q": 0.5,
      "job_hours": 24.0,
      "n_real_zones": 16,
      "eco_pct": [
        21.548010761294066,
        21.38219112819155,
        21.7164892821205
      ],
      "signal_pp": [
        1.7002839349129242,
        1.1270264380284027,
        2.362791742684701
      ],
      "signal_pvalue": 3.0517578125e-05,
      "fair_gap_pp": [
        0.459754536869074,
        -2.853145711332984,
        3.4242973959938974
      ],
      "fair_gap_pvalue": 0.784271240234375,
      "green_online_dedicated_pct": [
        -0.5984855747706843,
        -2.792897631174167,
        1.7178918453872962
      ],
      "green_offline_reallocated_pct": [
        10.744628773244319,
        7.089181680198687,
        14.786675148021063
      ],
      "corr_gap_vs_dirty_excess": -0.6369598174447249,
      "pause_wins_carbon_n": 6
    },
    {
      "q": 0.5,
      "job_hours": 48.0,
      "n_real_zones": 16,
      "eco_pct": [
        21.34687163171206,
        21.20192030498856,
        21.462180886041295
      ],
      "signal_pp": [
        2.148340470717905,
        1.3361755474762285,
        3.0437734736397717
      ],
      "signal_pvalue": 9.1552734375e-05,
      "fair_gap_pp": [
        0.20973885518894292,
        -3.2655979886073347,
        3.2666741983596217
      ],
      "fair_gap_pvalue": 0.9039306640625,
      "green_online_dedicated_pct": [
        -0.10226571235190857,
        -2.5197707722712326,
        2.5254221148321627
      ],
      "green_offline_reallocated_pct": [
        11.073101892199453,
        7.301280729600376,
        15.470801495475776
      ],
      "corr_gap_vs_dirty_excess": -0.6297956731965033,
      "pause_wins_carbon_n": 6
    },
    {
      "q": 0.5,
      "job_hours": 96.0,
      "n_real_zones": 16,
      "eco_pct": [
        20.757191755043287,
        20.205930427669507,
        21.239391721311158
      ],
      "signal_pp": [
        1.594759928175774,
        0.5049474752505068,
        2.6692328211096052
      ],
      "signal_pvalue": 0.013031005859375,
      "fair_gap_pp": [
        0.61471034891458,
        -2.2368679024900002,
        3.1409517432411573
      ],
      "fair_gap_pvalue": 0.669158935546875,
      "green_online_dedicated_pct": [
        -1.8343294731388542,
        -3.705395489191238,
        0.23105384796867268
      ],
      "green_offline_reallocated_pct": [
        9.66310264492491,
        6.496988720289926,
        13.237856327652644
      ],
      "corr_gap_vs_dirty_excess": -0.5998618728057661,
      "pause_wins_carbon_n": 6
    },
    {
      "q": 0.6,
      "job_hours": 12.0,
      "n_real_zones": 16,
      "eco_pct": [
        21.62971695786107,
        21.220764508918034,
        22.032474443222096
      ],
      "signal_pp": [
        0.6074203853532342,
        0.14156178633855632,
        1.0540622461283466
      ],
      "signal_pvalue": 0.0257568359375,
      "fair_gap_pp": [
        0.6294952418774666,
        -1.621242343648873,
        2.687947934754173
      ],
      "fair_gap_pvalue": 0.583587646484375,
      "green_online_dedicated_pct": [
        -1.4997422272448875,
        -2.9660874930020373,
        -0.10475544228101517
      ],
      "green_offline_reallocated_pct": [
        7.852667097529474,
        5.31237488005074,
        10.597986546815799
      ],
      "corr_gap_vs_dirty_excess": -0.5871323096959431,
      "pause_wins_carbon_n": 6
    },
    {
      "q": 0.6,
      "job_hours": 24.0,
      "n_real_zones": 16,
      "eco_pct": [
        21.548010761294066,
        21.379297423639514,
        21.71584313381202
      ],
      "signal_pp": [
        1.5551649057811991,
        0.9920751050689911,
        2.166022571738877
      ],
      "signal_pvalue": 0.0001220703125,
      "fair_gap_pp": [
        0.5662230070553544,
        -1.9620843813315503,
        2.8159399350478567
      ],
      "fair_gap_pvalue": 0.65740966796875,
      "green_online_dedicated_pct": [
        -0.16588711445906867,
        -1.6317313573274355,
        1.3330891566299528
      ],
      "green_offline_reallocated_pct": [
        8.420130459377434,
        5.495148802213903,
        11.730884174230168
      ],
      "corr_gap_vs_dirty_excess": -0.6074695811280669,
      "pause_wins_carbon_n": 6
    },
    {
      "q": 0.6,
      "job_hours": 48.0,
      "n_real_zones": 16,
      "eco_pct": [
        21.34687163171206,
        21.209193432027426,
        21.46192011904788
      ],
      "signal_pp": [
        1.8014370546023226,
        1.019910512925967,
        2.638007821882932
      ],
      "signal_pvalue": 0.000335693359375,
      "fair_gap_pp": [
        0.2931894915900364,
        -2.383696784108305,
        2.6857249248484156
      ],
      "fair_gap_pvalue": 0.830535888671875,
      "green_online_dedicated_pct": [
        0.7157888388710448,
        -1.0880158310871155,
        2.598646169366487
      ],
      "green_offline_reallocated_pct": [
        8.757310521374778,
        5.604175233349858,
        12.33974117039691
      ],
      "corr_gap_vs_dirty_excess": -0.6285099557689378,
      "pause_wins_carbon_n": 6
    },
    {
      "q": 0.6,
      "job_hours": 96.0,
      "n_real_zones": 16,
      "eco_pct": [
        20.757191755043287,
        20.223741515437702,
        21.233817798822642
      ],
      "signal_pp": [
        1.2800276888613749,
        0.22781189185706985,
        2.2943579019943092
      ],
      "signal_pvalue": 0.033721923828125,
      "fair_gap_pp": [
        0.4456380702607595,
        -1.7390708164555038,
        2.408328369291899
      ],
      "fair_gap_pvalue": 0.688873291015625,
      "green_online_dedicated_pct": [
        -0.46901091184346483,
        -1.9490968815228218,
        1.083717220612389
      ],
      "green_offline_reallocated_pct": [
        7.576287443863785,
        4.984434774156105,
        10.439339096699403
      ],
      "corr_gap_vs_dirty_excess": -0.6083363871143439,
      "pause_wins_carbon_n": 6
    },
    {
      "q": 0.7,
      "job_hours": 12.0,
      "n_real_zones": 16,
      "eco_pct": [
        21.62971695786107,
        21.227575021957946,
        22.032363020816028
      ],
      "signal_pp": [
        1.0140332842211475,
        0.6360699880027473,
        1.3996381320044053
      ],
      "signal_pvalue": 0.000244140625,
      "fair_gap_pp": [
        0.5133504376493611,
        -1.027978494549733,
        1.9550497485489517
      ],
      "fair_gap_pvalue": 0.523193359375,
      "green_online_dedicated_pct": [
        -1.241629369384301,
        -2.3405822496734707,
        -0.17984579770050454
      ],
      "green_offline_reallocated_pct": [
        5.7045952142934215,
        3.743385638264855,
        7.879138150220122
      ],
      "corr_gap_vs_dirty_excess": -0.5176107096006294,