{
  "job_fast_hours": 24,
  "threshold_q": 0.6,
  "throttle_energy_frac": 0.85,
  "zones": {
    "DE": {
      "source": "real-csv",
      "n_offsets": 13,
      "rep_win_offsets": 6,
      "mean_delta_g": 0.18529501996336928,
      "mean_throttle_g": 8.950377472527471,
      "mean_repartition_g": 8.765082452564103,
      "mean_static_eco_g": 7.892000000000001
    },
    "US-CA": {
      "source": "real-csv",
      "n_offsets": 13,
      "rep_win_offsets": 8,
      "mean_delta_g": 0.024288549053724164,
      "mean_throttle_g": 6.48833021978022,
      "mean_repartition_g": 6.4640416707264965,
      "mean_static_eco_g": 5.900615384615384
    },
    "FR": {
      "source": "real-csv",
      "n_offsets": 13,
      "rep_win_offsets": 6,
      "mean_delta_g": 0.030447572115384992,
      "mean_throttle_g": 1.1670769230769236,
      "mean_repartition_g": 1.1366293509615386,
      "mean_static_eco_g": 1.0366358974358976
    },
    "PL": {
      "source": "real-csv",
      "n_offsets": 13,
      "rep_win_offsets": 6,
      "mean_delta_g": 0.1472688658348575,
      "mean_throttle_g": 14.55420879120879,
      "mean_repartition_g": 14.406939925373933,
      "mean_static_eco_g": 12.492512820512822
    },
    "VN": {
      "source": "real-csv",
      "n_offsets": 13,
      "rep_win_offsets": 9,
      "mean_delta_g": -0.003077691132481447,
      "mean_throttle_g": 11.250180769230768,
      "mean_repartition_g": 11.25325846036325,
      "mean_static_eco_g": 9.465302564102565
    },
    "JP": {
      "source": "real-csv",
      "n_offsets": 13,
      "rep_win_offsets": 8,
      "mean_delta_g": 0.012976261851343715,
      "mean_throttle_g": 12.095690659340658,
      "mean_repartition_g": 12.082714397489315,
      "mean_static_eco_g": 10.431158974358974
    },
    "GB": {
      "source": "real-csv",
      "n_offsets": 13,
      "rep_win_offsets": 7,
      "mean_delta_g": 0.07378385125152573,
      "mean_throttle_g": 5.4571587912087915,
      "mean_repartition_g": 5.383374939957265,
      "mean_static_eco_g": 4.82548717948718
    },
    "SG": {
      "source": "real-csv",
      "n_offsets": 13,
      "rep_win_offsets": 0,
      "mean_delta_g": -0.09403137235195616,
      "mean_throttle_g": 11.36551813186813,
      "mean_repartition_g": 11.459549504220089,
      "mean_static_eco_g": 9.343610256410257
    },
    "KR": {
      "source": "real-csv",
      "n_offsets": 13,
      "rep_win_offsets": 2,
      "mean_delta_g": 0.007524081662087776,
      "mean_throttle_g": 10.60667747252747,
      "mean_repartition_g": 10.599153390865384,
      "mean_static_eco_g": 9.02657435897436
    },
    "BR": {
      "source": "real-csv",
      "n_offsets": 13,
      "rep_win_offsets": 5,
      "mean_delta_g": 0.0145507118360804,
      "mean_throttle_g": 1.555995054945055,
      "mean_repartition_g": 1.5414443431089746,
      "mean_static_eco_g": 1.3230461538461538
    },
    "NO": {
      "source": "real-csv",
      "n_offsets": 13,
      "rep_win_offsets": 5,
      "mean_delta_g": 0.01329915569291814,
      "mean_throttle_g": 0.7897450549450551,
      "mean_repartition_g": 0.7764458992521368,
      "mean_static_eco_g": 0.6831794871794872
    },
    "ZA": {
      "source": "real-csv",
      "n_offsets": 13,
      "rep_win_offsets": 7,
      "mean_delta_g": -0.010808606715506687,
      "mean_throttle_g": 15.380964835164836,
      "mean_repartition_g": 15.391773441880343,
      "mean_static_eco_g": 13.081015384615386
    },
    "AU": {
      "source": "real-csv",
      "n_offsets": 13,
      "rep_win_offsets": 12,
      "mean_delta_g": 0.2648130893009698,
      "mean_throttle_g": 11.367431318681314,
      "mean_repartition_g": 11.102618229380344,
      "mean_static_eco_g": 10.363517948717949
    },
    "IN": {
      "source": "real-csv",
      "n_offsets": 13,
      "rep_win_offsets": 0,
      "mean_delta_g": -0.30197114056776597,
      "mean_throttle_g": 15.697791208791209,
      "mean_repartition_g": 15.999762349358974,
      "mean_static_eco_g": 13.258471794871797
    },
    "CN": {
      "source": "real-csv",
      "n_offsets": 13,
      "rep_win_offsets": 8,
      "mean_delta_g": -0.019596943276864016,
      "mean_throttle_g": 12.260994505494503,
      "mean_repartition_g": 12.280591448771368,
      "mean_static_eco_g": 10.42411282051282
    },
    "AE": {
      "source": "real-csv",
      "n_offsets": 13,
      "rep_win_offsets": 3,
      "mean_delta_g": -0.04900867896825399,
      "mean_throttle_g": 8.856454395604395,
      "mean_repartition_g": 8.90546307457265,
      "mean_static_eco_g": 7.408338461538462
    }
  },
  "regimes": {
    "realistic": {
      "eco_energy_frac": 0.8,
      "t_switch_s": 5.1000000000000005,
      "n_real_zones": 16,
      "repartition_win_zones": 10,
      "cross_zone_mean_delta_g": 0.018484545346839576,
      "ci_lo": -0.042048749423841125,
      "ci_hi": 0.07604934169862153,
      "permutation_p": 0.569427490234375,
      "zone_mean_sd": 0.12414957899022154,
      "n_zones_needed_to_exclude_zero": 173.29462757359465,
      "ci_excludes_zero": false
    },
    "best_case": {
      "eco_energy_frac": 0.75,
      "t_switch_s": 2.0,
      "n_real_zones": 16,
      "repartition_win_zones": 16,
      "cross_zone_mean_delta_g": 0.28149605710936354,
      "ci_lo": 0.1971683627030757,
      "ci_hi": 0.36629894142797664,
      "permutation_p": 3.0517578125e-05,
      "zone_mean_sd": 0.1784866764537928,
      "n_zones_needed_to_exclude_zero": 1.5444687164916728,
      "ci_excludes_zero": true
    }
  },
  "gate0_pass": true
}